algorithm,epoch_index,condition_id,t_s,misalignment_db,erle_db,msg_with_afc_db,msg_without_afc_db,asg_db
PEMAFC-F,0,period_0707,0.013333,-0.0000,0.0000,85.1794,85.1794,0.0000
PEMAFC-F,0,period_0707,0.053333,-0.0000,0.0000,85.1794,85.1794,0.0000
PEMAFC-F,0,period_0707,0.106667,-0.0003,0.0005,85.1799,85.1794,0.0005
PEMAFC-F,0,period_0707,0.160000,-0.6995,4.0738,85.7923,85.1794,0.6129
PEMAFC-F,0,period_0707,0.200000,-0.7331,6.0863,85.8468,85.1794,0.6675
PEMAFC-F,0,period_0707,0.253333,1.9362,1.6925,78.8769,85.1794,-6.3025
PEMAFC-F,0,period_0707,0.306667,1.5157,-0.4526,79.2375,85.1794,-5.9418
PEMAFC-F,0,period_0707,0.360000,0.1435,2.0128,84.1801,85.1794,-0.9993
PEMAFC-F,0,period_0707,0.400000,0.1244,1.2324,83.3085,85.1794,-1.8709
PEMAFC-F,0,period_0707,0.453333,10.3479,5.6897,65.9591,85.1794,-19.2203
PEMAFC-F,0,period_0707,0.506667,12.2319,2.5635,63.0736,85.1794,-22.1058
PEMAFC-F,0,period_0707,0.560000,11.9443,-7.9162,63.3430,85.1794,-21.8364
PEMAFC-F,0,period_0707,0.600000,5.4818,-7.9011,72.1816,85.1794,-12.9978
PEMAFC-F,0,period_0707,0.653333,2.6229,-1.6000,77.2905,85.1794,-7.8888
PEMAFC-F,0,period_0707,0.706667,-0.1588,-0.2825,85.3917,85.1794,0.2123
PEMAFC-F,0,period_0707,0.760000,-0.8834,2.7809,85.5216,85.1794,0.3422
PEMAFC-F,0,period_0707,0.800000,-0.2583,8.2467,85.5983,85.1794,0.4189
PEMAFC-F,0,period_0707,0.853333,8.6510,5.5915,71.5890,85.1794,-13.5904
PEMAFC-F,0,period_0707,0.906667,5.6683,-0.2783,73.8112,85.1794,-11.3682
PEMAFC-F,0,period_0707,0.960000,2.9396,-0.2239,78.5695,85.1794,-6.6099
PEMAFC-F,0,period_0707,1.000000,1.9190,-0.5120,81.2715,85.1794,-3.9079
PEMAFC-F,0,period_0707,1.053333,-0.1078,-0.0239,87.5308,85.1794,2.3514
PEMAFC-F,0,period_0707,1.106667,4.4295,4.6543,82.1425,85.1794,-3.0368
PEMAFC-F,0,period_0707,1.160000,4.0193,4.8007,82.1213,85.1794,-3.0580
PEMAFC-F,0,period_0707,1.200000,3.8891,5.8031,82.1579,85.1794,-3.0215
PEMAFC-F,0,period_0707,1.253333,3.7282,-2.3484,82.0891,85.1794,-3.0902
PEMAFC-F,0,period_0707,1.306667,-1.3603,2.6320,84.7853,85.1794,-0.3940
PEMAFC-F,0,period_0707,1.360000,-1.8378,6.6979,82.9736,85.1794,-2.2058
PEMAFC-F,0,period_0707,1.400000,2.6649,10.2787,77.5185,85.1794,-7.6609
PEMAFC-F,0,period_0707,1.453333,1.1078,1.7228,80.8846,85.1794,-4.2948
PEMAFC-F,0,period_0707,1.506667,-0.3978,3.0673,81.6597,85.1794,-3.5197
PEMAFC-F,0,period_0707,1.560000,-3.6983,4.1817,90.1042,85.1794,4.9249
PEMAFC-F,0,period_0707,1.600000,-3.7797,5.8954,93.0698,85.1794,7.8904
PEMAFC-F,0,period_0707,1.653333,0.2020,4.8759,85.3139,85.1794,0.1345
PEMAFC-F,0,period_0707,1.706667,-3.7336,6.2703,90.0288,85.1794,4.8494
PEMAFC-F,0,period_0707,1.760000,-1.4526,6.3456,83.0522,85.1794,-2.1272
PEMAFC-F,0,period_0707,1.800000,-1.3310,3.1442,93.6690,85.1794,8.4897
PEMAFC-F,0,period_0707,1.853333,-2.3079,8.4160,95.0686,85.1794,9.8892
PEMAFC-F,0,period_0707,1.906667,-1.1288,7.7905,91.0265,85.1794,5.8471
PEMAFC-F,0,period_0707,1.960000,-2.6314,6.5597,91.4390,85.1794,6.2596
PEMAFC-F,0,period_0707,2.000000,-3.4424,7.1496,92.8648,85.1794,7.6854
PEMAFC-F,0,period_0707,2.053333,-2.3577,10.6669,86.7880,85.1794,1.6086
PEMAFC-F,0,period_0707,2.106667,-1.5522,2.8837,84.3544,85.1794,-0.8250
PEMAFC-F,0,period_0707,2.160000,-4.0224,5.4239,85.6552,85.1794,0.4759
PEMAFC-F,0,period_0707,2.200000,-3.0962,10.6061,92.1161,85.1794,6.9367
PEMAFC-F,0,period_0707,2.253333,0.0432,6.1616,78.9619,85.1794,-6.2174
PEMAFC-F,0,period_0707,2.306667,-3.3570,-0.2608,81.7698,85.1794,-3.4096
PEMAFC-F,0,period_0707,2.360000,-4.9121,4.7557,93.0401,85.1794,7.8607
PEMAFC-F,0,period_0707,2.400000,-4.5798,7.2786,90.8147,85.1794,5.6354
PEMAFC-F,0,period_0707,2.453333,-5.6459,3.7965,90.2844,85.1794,5.1050
PEMAFC-F,0,period_0707,2.506667,-1.0384,5.4735,89.0285,85.1794,3.8491
PEMAFC-F,0,period_0707,2.560000,-3.4801,8.9354,91.5893,85.1794,6.4099
PEMAFC-F,0,period_0707,2.600000,-3.7159,13.3456,89.8123,85.1794,4.6329
PEMAFC-F,0,period_0707,2.653333,-4.4421,12.1877,93.6943,85.1794,8.5149
PEMAFC-F,0,period_0707,2.706667,-3.5288,13.8556,87.2312,85.1794,2.0519
PEMAFC-F,0,period_0707,2.760000,-3.5496,4.3973,87.8261,85.1794,2.6468
PEMAFC-F,0,period_0707,2.800000,-3.6211,2.7890,90.5098,85.1794,5.3304
PEMAFC-F,0,period_0707,2.853333,-4.1864,6.2256,95.7968,85.1794,10.6174
PEMAFC-F,0,period_0707,2.906667,-1.4211,8.9411,86.5568,85.1794,1.3774
PEMAFC-F,0,period_0707,2.960000,-4.4158,5.3620,90.3291,85.1794,5.1498
PEMAFC-F,0,period_0707,3.000000,-2.6585,7.2463,84.6820,85.1794,-0.4974
PEMAFC-F,1,period_0856,3.013333,-0.5224,-84.0110,76.7256,75.6790,1.0466
PEMAFC-F,1,period_0856,3.053333,-0.5224,-0.7089,76.7256,75.6790,1.0466
PEMAFC-F,1,period_0856,3.106667,-0.5226,0.4003,76.7257,75.6790,1.0467
PEMAFC-F,1,period_0856,3.160000,-1.0780,5.3546,77.5227,75.6790,1.8436
PEMAFC-F,1,period_0856,3.200000,-2.4247,5.3641,79.9109,75.6790,4.2319
PEMAFC-F,1,period_0856,3.253333,-1.1777,4.2151,74.2585,75.6790,-1.4205
PEMAFC-F,1,period_0856,3.306667,-1.6828,2.0603,75.0563,75.6790,-0.6227
PEMAFC-F,1,period_0856,3.360000,-2.9425,4.7555,79.1828,75.6790,3.5037
PEMAFC-F,1,period_0856,3.400000,-3.4867,6.7595,82.2392,75.6790,6.5602
PEMAFC-F,1,period_0856,3.453333,0.1389,5.4742,68.6056,75.6790,-7.0734
PEMAFC-F,1,period_0856,3.506667,1.5000,2.0715,66.1953,75.6790,-9.4837
PEMAFC-F,1,period_0856,3.560000,1.2994,-5.9008,66.5184,75.6790,-9.1606
PEMAFC-F,1,period_0856,3.600000,-2.1288,-1.6315,71.8735,75.6790,-3.8055
PEMAFC-F,1,period_0856,3.653333,-3.2579,3.1877,76.8104,75.6790,1.1314
PEMAFC-F,1,period_0856,3.706667,-4.2676,4.1195,80.6659,75.6790,4.9869
PEMAFC-F,1,period_0856,3.760000,-4.6387,5.0302,82.9854,75.6790,7.3064
PEMAFC-F,1,period_0856,3.800000,-4.7266,6.6702,82.8043,75.6790,7.1253
PEMAFC-F,1,period_0856,3.853333,-2.4235,7.9930,75.6831,75.6790,0.0040
PEMAFC-F,1,period_0856,3.906667,-4.5177,0.5745,81.3395,75.6790,5.6604
PEMAFC-F,1,period_0856,3.960000,-5.4621,6.9947,79.5768,75.6790,3.8978
PEMAFC-F,1,period_0856,4.000000,-5.6700,5.6725,78.9097,75.6790,3.2307
PEMAFC-F,1,period_0856,4.053333,-5.7523,6.6817,78.3805,75.6790,2.7015
PEMAFC-F,1,period_0856,4.106667,-3.7147,7.0839,73.4466,75.6790,-2.2325
PEMAFC-F,1,period_0856,4.160000,-4.4962,8.9458,73.4726,75.6790,-2.2065
PEMAFC-F,1,period_0856,4.200000,-4.6212,6.7783,73.4756,75.6790,-2.2034
PEMAFC-F,1,period_0856,4.253333,-4.8783,7.4642,73.5111,75.6790,-2.1680
PEMAFC-F,1,period_0856,4.306667,-8.1683,4.4141,79.2195,75.6790,3.5405
PEMAFC-F,1,period_0856,4.360000,-8.1598,7.9703,80.5313,75.6790,4.8523
PEMAFC-F,1,period_0856,4.400000,-3.7818,10.3922,73.6368,75.6790,-2.0422
PEMAFC-F,1,period_0856,4.453333,-4.1242,3.5811,74.4831,75.6790,-1.1959
PEMAFC-F,1,period_0856,4.506667,-5.7732,4.2674,76.6721,75.6790,0.9931
PEMAFC-F,1,period_0856,4.560000,-9.0764,1.8535,82.1592,75.6790,6.4802
PEMAFC-F,1,period_0856,4.600000,-9.4236,4.1765,85.9902,75.6790,10.3112
PEMAFC-F,1,period_0856,4.653333,-4.4303,7.9538,71.7064,75.6790,-3.9726
PEMAFC-F,1,period_0856,4.706667,-9.1390,5.5102,82.8919,75.6790,7.2128
PEMAFC-F,1,period_0856,4.760000,-6.1400,6.4620,74.4269,75.6790,-1.2521
PEMAFC-F,1,period_0856,4.800000,-6.1181,7.2033,75.3577,75.6790,-0.3213
PEMAFC-F,1,period_0856,4.853333,-8.1239,5.4414,79.6890,75.6790,4.0100
PEMAFC-F,1,period_0856,4.906667,-7.3280,9.8152,79.2859,75.6790,3.6069
PEMAFC-F,1,period_0856,4.960000,-8.3883,4.3586,81.1398,75.6790,5.4608
PEMAFC-F,1,period_0856,5.000000,-8.7735,8.3560,82.1626,75.6790,6.4836
PEMAFC-F,1,period_0856,5.053333,-8.1254,11.8515,80.7183,75.6790,5.0393
PEMAFC-F,1,period_0856,5.106667,-7.6759,3.9724,79.8311,75.6790,4.1521
PEMAFC-F,1,period_0856,5.160000,-9.6561,6.8928,85.7252,75.6790,10.0462
PEMAFC-F,1,period_0856,5.200000,-8.6021,10.7541,79.7283,75.6790,4.0492
PEMAFC-F,1,period_0856,5.253333,-3.2935,9.6645,74.5397,75.6790,-1.1393
PEMAFC-F,1,period_0856,5.306667,-6.2420,-1.0239,77.0701,75.6790,1.3911
PEMAFC-F,1,period_0856,5.360000,-8.6242,1.7680,79.9009,75.6790,4.2219
PEMAFC-F,1,period_0856,5.400000,-8.8850,6.1239,80.1732,75.6790,4.4942
PEMAFC-F,1,period_0856,5.453333,-9.8674,4.2772,82.9744,75.6790,7.2954
PEMAFC-F,1,period_0856,5.506667,-5.9497,5.1604,75.6452,75.6790,-0.0338
PEMAFC-F,1,period_0856,5.560000,-8.8028,6.4878,83.8389,75.6790,8.1599
PEMAFC-F,1,period_0856,5.600000,-8.8803,14.5430,80.8566,75.6790,5.1776
PEMAFC-F,1,period_0856,5.653333,-8.3115,9.8110,79.9689,75.6790,4.2899
PEMAFC-F,1,period_0856,5.706667,-8.7007,12.0844,80.6037,75.6790,4.9247
PEMAFC-F,1,period_0856,5.760000,-8.7492,6.5101,82.0136,75.6790,6.3346
PEMAFC-F,1,period_0856,5.800000,-7.3959,7.1179,82.3060,75.6790,6.6270
PEMAFC-F,1,period_0856,5.853333,-8.3383,6.2276,82.3996,75.6790,6.7205
PEMAFC-F,1,period_0856,5.906667,-6.7548,8.3344,77.8661,75.6790,2.1871
PEMAFC-F,1,period_0856,5.960000,-8.8250,6.0116,84.6407,75.6790,8.9617
PEMAFC-F,1,period_0856,6.000000,-8.6164,8.1671,82.3606,75.6790,6.6816
PEMAFC-F,2,period_0916,6.013333,-2.6477,-92.8526,77.6596,76.8005,0.8591
PEMAFC-F,2,period_0916,6.053333,-2.6477,-0.8287,77.6596,76.8005,0.8591
PEMAFC-F,2,period_0916,6.106667,-2.6480,1.2912,77.6596,76.8005,0.8591
PEMAFC-F,2,period_0916,6.160000,-3.4002,2.3339,79.1676,76.8005,2.3671
PEMAFC-F,2,period_0916,6.200000,-3.7182,5.1574,79.1997,76.8005,2.3992
PEMAFC-F,2,period_0916,6.253333,-3.0329,2.6528,76.8191,76.8005,0.0186
PEMAFC-F,2,period_0916,6.306667,-3.3005,3.6878,77.3467,76.8005,0.5462
PEMAFC-F,2,period_0916,6.360000,-3.6598,4.6520,79.1736,76.8005,2.3731
PEMAFC-F,2,period_0916,6.400000,-3.6399,9.0260,79.1754,76.8005,2.3749
PEMAFC-F,2,period_0916,6.453333,0.9105,9.0044,70.1168,76.8005,-6.6837
PEMAFC-F,2,period_0916,6.506667,1.9250,2.5000,69.2714,76.8005,-7.5291
PEMAFC-F,2,period_0916,6.560000,1.6156,-9.4730,69.5431,76.8005,-7.2574
PEMAFC-F,2,period_0916,6.600000,-2.4355,-5.0833,76.8987,76.8005,0.0982
PEMAFC-F,2,period_0916,6.653333,-3.3280,0.9772,79.2322,76.8005,2.4317
PEMAFC-F,2,period_0916,6.706667,-3.8187,1.8815,79.2501,76.8005,2.4496
PEMAFC-F,2,period_0916,6.760000,-4.0377,3.9087,79.2878,76.8005,2.4873
PEMAFC-F,2,period_0916,6.800000,-3.6477,3.9174,79.2029,76.8005,2.4024
PEMAFC-F,2,period_0916,6.853333,0.7083,6.8817,66.9262,76.8005,-9.8743
PEMAFC-F,2,period_0916,6.906667,-0.4006,-0.2035,67.4496,76.8005,-9.3509
PEMAFC-F,2,period_0916,6.960000,-2.8231,0.1887,71.8465,76.8005,-4.9540
PEMAFC-F,2,period_0916,7.000000,-3.3494,0.1784,73.2523,76.8005,-3.5481
PEMAFC-F,2,period_0916,7.053333,-4.3783,1.5181,79.5913,76.8005,2.7908
PEMAFC-F,2,period_0916,7.106667,-3.4350,5.0546,73.7360,76.8005,-3.0645
PEMAFC-F,2,period_0916,7.160000,-3.9724,10.0404,73.7937,76.8005,-3.0068
PEMAFC-F,2,period_0916,7.200000,-4.4307,9.7069,73.8657,76.8005,-2.9348
PEMAFC-F,2,period_0916,7.253333,-4.7257,8.7439,73.9519,76.8005,-2.8486
PEMAFC-F,2,period_0916,7.306667,-6.3253,1.6453,81.4561,76.8005,4.6556
PEMAFC-F,2,period_0916,7.360000,-6.4073,5.4794,81.4410,76.8005,4.6405
PEMAFC-F,2,period_0916,7.400000,-3.9167,6.9785,76.5649,76.8005,-0.2356
PEMAFC-F,2,period_0916,7.453333,-5.6277,3.9591,75.7915,76.8005,-1.0090
PEMAFC-F,2,period_0916,7.506667,-6.3472,7.3396,77.1359,76.8005,0.3354
PEMAFC-F,2,period_0916,7.560000,-7.4008,2.5918,81.9334,76.8005,5.1330
PEMAFC-F,2,period_0916,7.600000,-7.0694,3.2753,81.9205,76.8005,5.1201
PEMAFC-F,2,period_0916,7.653333,-3.6378,6.4697,81.8478,76.8005,5.0473
PEMAFC-F,2,period_0916,7.706667,-7.0968,2.9240,82.0125,76.8005,5.2120
PEMAFC-F,2,period_0916,7.760000,-4.3284,4.9978,81.9620,76.8005,5.1615
PEMAFC-F,2,period_0916,7.800000,-5.4560,2.8942,81.9053,76.8005,5.1048
PEMAFC-F,2,period_0916,7.853333,-6.3408,4.6842,82.0021,76.8005,5.2016
PEMAFC-F,2,period_0916,7.906667,-5.7317,9.9810,81.9040,76.8005,5.1035
PEMAFC-F,2,period_0916,7.960000,-6.7330,2.4945,81.8979,76.8005,5.0974
PEMAFC-F,2,period_0916,8.000000,-7.1869,5.4915,81.9662,76.8005,5.1657
PEMAFC-F,2,period_0916,8.053333,-7.1043,8.5989,81.7768,76.8005,4.9763
PEMAFC-F,2,period_0916,8.106667,-6.9497,2.7946,78.9952,76.8005,2.1947
PEMAFC-F,2,period_0916,8.160000,-7.7525,6.5552,82.4648,76.8005,5.6643
PEMAFC-F,2,period_0916,8.200000,-7.6288,8.3801,82.4746,76.8005,5.6741
PEMAFC-F,2,period_0916,8.253333,-3.6138,6.1276,82.5394,76.8005,5.7389
PEMAFC-F,2,period_0916,8.306667,-7.3523,-3.0981,82.7001,76.8005,5.8996
PEMAFC-F,2,period_0916,8.360000,-7.9572,4.4859,82.6580,76.8005,5.8575
PEMAFC-F,2,period_0916,8.400000,-7.8661,9.5005,82.6638,76.8005,5.8633
PEMAFC-F,2,period_0916,8.453333,-8.0101,5.7252,82.6605,76.8005,5.8600
PEMAFC-F,2,period_0916,8.506667,-4.0253,4.9472,78.4227,76.8005,1.6222
PEMAFC-F,2,period_0916,8.560000,-6.6580,3.7355,80.0333,76.8005,3.2329
PEMAFC-F,2,period_0916,8.600000,-7.0919,8.8376,79.0092,76.8005,2.2087
PEMAFC-F,2,period_0916,8.653333,-7.4696,10.5358,81.3844,76.8005,4.5839
PEMAFC-F,2,period_0916,8.706667,-7.3852,13.2612,81.2054,76.8005,4.4049
PEMAFC-F,2,period_0916,8.760000,-6.9801,4.3878,82.5032,76.8005,5.7027
PEMAFC-F,2,period_0916,8.800000,-5.2898,3.9111,82.4596,76.8005,5.6591
PEMAFC-F,2,period_0916,8.853333,-6.9839,3.6048,82.4322,76.8005,5.6317
PEMAFC-F,2,period_0916,8.906667,-5.2215,8.7946,82.3820,76.8005,5.5815
PEMAFC-F,2,period_0916,8.960000,-7.4444,2.8576,82.3107,76.8005,5.5102
PEMAFC-F,2,period_0916,9.000000,-7.1825,7.4068,82.3077,76.8005,5.5072
PEMAFC-F,3,period_0943,9.013333,-2.8157,-87.8712,70.3787,67.9790,2.3996
PEMAFC-F,3,period_0943,9.053333,-2.8157,-1.3110,70.3787,67.9790,2.3996
PEMAFC-F,3,period_0943,9.106667,-2.8160,1.1495,70.3790,67.9790,2.3999
PEMAFC-F,3,period_0943,9.160000,-3.0392,4.2269,70.4200,67.9790,2.4410
PEMAFC-F,3,period_0943,9.200000,-3.1683,5.7474,70.4094,67.9790,2.4303
PEMAFC-F,3,period_0943,9.253333,-3.0910,2.2352,70.4637,67.9790,2.4846
PEMAFC-F,3,period_0943,9.306667,-3.1947,6.3556,70.4637,67.9790,2.4846
PEMAFC-F,3,period_0943,9.360000,-3.3041,6.9518,70.4638,67.9790,2.4847
PEMAFC-F,3,period_0943,9.400000,-3.3173,11.5267,70.4735,67.9790,2.4945
PEMAFC-F,3,period_0943,9.453333,-2.8173,8.5087,70.5144,67.9790,2.5353
PEMAFC-F,3,period_0943,9.506667,-2.7149,0.7593,70.5295,67.9790,2.5504
PEMAFC-F,3,period_0943,9.560000,-2.7724,-3.3200,70.5466,67.9790,2.5676
PEMAFC-F,3,period_0943,9.600000,-3.2559,0.6387,70.5534,67.9790,2.5743
PEMAFC-F,3,period_0943,9.653333,-3.3103,6.7139,70.5603,67.9790,2.5812
PEMAFC-F,3,period_0943,9.706667,-3.3948,3.9780,70.5648,67.9790,2.5857
PEMAFC-F,3,period_0943,9.760000,-3.4183,6.1509,70.5349,67.9790,2.5558
PEMAFC-F,3,period_0943,9.800000,-3.4048,3.9278,70.5305,67.9790,2.5514
PEMAFC-F,3,period_0943,9.853333,-3.0210,5.5669,70.6396,67.9790,2.6606
PEMAFC-F,3,period_0943,9.906667,-4.2346,0.1628,72.1887,67.9790,4.2096
PEMAFC-F,3,period_0943,9.960000,-4.5037,4.1870,72.2086,67.9790,4.2295
PEMAFC-F,3,period_0943,10.000000,-4.5261,6.5704,72.2101,67.9790,4.2310
PEMAFC-F,3,period_0943,10.053333,-4.6088,7.2848,72.2808,67.9790,4.3017
PEMAFC-F,3,period_0943,10.106667,-4.0947,4.8747,72.3977,67.9790,4.4186
PEMAFC-F,3,period_0943,10.160000,-5.2937,9.5835,72.7552,67.9790,4.7761
PEMAFC-F,3,period_0943,10.200000,-5.9710,12.1949,73.2981,67.9790,5.3191
PEMAFC-F,3,period_0943,10.253333,-6.3163,9.1649,73.6571,67.9790,5.6781
PEMAFC-F,3,period_0943,10.306667,-7.5326,1.2668,73.6820,67.9790,5.7030
PEMAFC-F,3,period_0943,10.360000,-7.4174,6.1638,73.6862,67.9790,5.7072
PEMAFC-F,3,period_0943,10.400000,-6.3521,9.6957,70.2787,67.9790,2.2997
PEMAFC-F,3,period_0943,10.453333,-6.9458,6.1161,73.6335,67.9790,5.6545
PEMAFC-F,3,period_0943,10.506667,-7.6815,10.1976,74.2436,67.9790,6.2645
PEMAFC-F,3,period_0943,10.560000,-8.3805,1.6936,74.2192,67.9790,6.2401
PEMAFC-F,3,period_0943,10.600000,-8.5539,1.3776,74.1845,67.9790,6.2055
PEMAFC-F,3,period_0943,10.653333,-7.3001,4.0755,74.3402,67.9790,6.3611
PEMAFC-F,3,period_0943,10.706667,-8.3816,3.5902,74.3309,67.9790,6.3518
PEMAFC-F,3,period_0943,10.760000,-7.4853,5.1432,74.3706,67.9790,6.3916
PEMAFC-F,3,period_0943,10.800000,-7.8350,3.7590,74.4970,67.9790,6.5179
PEMAFC-F,3,period_0943,10.853333,-8.3347,3.7540,74.4835,67.9790,6.5044
PEMAFC-F,3,period_0943,10.906667,-8.0803,5.9425,74.4580,67.9790,6.4789
PEMAFC-F,3,period_0943,10.960000,-8.4420,3.7193,74.4804,67.9790,6.5013
PEMAFC-F,3,period_0943,11.000000,-8.4947,6.6336,74.4900,67.9790,6.5109
PEMAFC-F,3,period_0943,11.053333,-8.4271,9.2102,74.4941,67.9790,6.5150
PEMAFC-F,3,period_0943,11.106667,-8.7353,6.7358,74.5688,67.9790,6.5897
PEMAFC-F,3,period_0943,11.160000,-9.1570,10.8892,74.6081,67.9790,6.6291
PEMAFC-F,3,period_0943,11.200000,-8.9705,7.8286,74.5780,67.9790,6.5989
PEMAFC-F,3,period_0943,11.253333,-7.6374,5.3757,74.5736,67.9790,6.5946
PEMAFC-F,3,period_0943,11.306667,-9.0882,-0.5513,74.6244,67.9790,6.6454
PEMAFC-F,3,period_0943,11.360000,-9.2565,3.8582,74.6224,67.9790,6.6433
PEMAFC-F,3,period_0943,11.400000,-9.2345,7.7189,74.6154,67.9790,6.6363
PEMAFC-F,3,period_0943,11.453333,-9.2598,6.1666,74.6120,67.9790,6.6329
PEMAFC-F,3,period_0943,11.506667,-8.1911,4.1667,74.5574,67.9790,6.5783
PEMAFC-F,3,period_0943,11.560000,-9.0446,2.7593,74.5663,67.9790,6.5873
PEMAFC-F,3,period_0943,11.600000,-8.9166,10.6727,74.5594,67.9790,6.5803
PEMAFC-F,3,period_0943,11.653333,-8.8150,10.5313,74.5531,67.9790,6.5741
PEMAFC-F,3,period_0943,11.706667,-8.7709,13.7578,74.5405,67.9790,6.5614
PEMAFC-F,3,period_0943,11.760000,-8.9221,5.9111,74.5386,67.9790,6.5596
PEMAFC-F,3,period_0943,11.800000,-8.5544,3.4029,74.5858,67.9790,6.6067
PEMAFC-F,3,period_0943,11.853333,-9.1141,4.4356,74.5773,67.9790,6.5982
PEMAFC-F,3,period_0943,11.906667,-8.3015,6.4756,74.5380,67.9790,6.5589
PEMAFC-F,3,period_0943,11.960000,-9.1651,3.3313,74.5379,67.9790,6.5588
PEMAFC-F,3,period_0943,12.000000,-8.9371,7.3730,74.5579,67.9790,6.5789
PEMAFC-A,0,period_0707,0.013333,-0.0000,0.0000,85.1794,85.1794,0.0000
PEMAFC-A,0,period_0707,0.053333,-0.0000,0.0000,85.1794,85.1794,0.0000
PEMAFC-A,0,period_0707,0.106667,-0.0066,0.0421,85.2263,85.1794,0.0469
PEMAFC-A,0,period_0707,0.160000,-0.4127,3.3909,85.6724,85.1794,0.4931
PEMAFC-A,0,period_0707,0.200000,0.1234,6.7347,85.8083,85.1794,0.6289
PEMAFC-A,0,period_0707,0.253333,11.2372,2.9566,66.7593,85.1794,-18.4200
PEMAFC-A,0,period_0707,0.306667,10.3510,-6.3535,67.4802,85.1794,-17.6992
PEMAFC-A,0,period_0707,0.360000,2.6742,-8.9337,75.6260,85.1794,-9.5533
PEMAFC-A,0,period_0707,0.400000,1.7052,-1.1227,79.8425,85.1794,-5.3368
PEMAFC-A,0,period_0707,0.453333,13.1716,6.5305,62.8441,85.1794,-22.3353
PEMAFC-A,0,period_0707,0.506667,13.1179,4.8620,62.1628,85.1794,-23.0166
PEMAFC-A,0,period_0707,0.560000,7.0572,-3.7079,71.8769,85.1794,-13.3025
PEMAFC-A,0,period_0707,0.600000,1.1480,-1.7433,85.2428,85.1794,0.0635
PEMAFC-A,0,period_0707,0.653333,1.2617,4.1503,82.0242,85.1794,-3.1552
PEMAFC-A,0,period_0707,0.706667,0.4329,3.2677,85.0917,85.1794,-0.0877
PEMAFC-A,0,period_0707,0.760000,-0.1862,3.7513,85.5489,85.1794,0.3696
PEMAFC-A,0,period_0707,0.800000,0.0218,7.1303,85.5108,85.1794,0.3315
PEMAFC-A,0,period_0707,0.853333,13.0601,5.4493,70.0611,85.1794,-15.1183
PEMAFC-A,0,period_0707,0.906667,9.0682,0.6245,74.3434,85.1794,-10.8359
PEMAFC-A,0,period_0707,0.960000,5.9160,-1.7641,84.2050,85.1794,-0.9744
PEMAFC-A,0,period_0707,1.000000,4.8187,-1.1802,86.6019,85.1794,1.4225
PEMAFC-A,0,period_0707,1.053333,2.6348,-0.0537,81.8511,85.1794,-3.3283
PEMAFC-A,0,period_0707,1.106667,17.4226,5.8368,64.9909,85.1794,-20.1884
PEMAFC-A,0,period_0707,1.160000,16.9386,-2.7000,65.4104,85.1794,-19.7690
PEMAFC-A,0,period_0707,1.200000,16.8466,0.0403,65.5257,85.1794,-19.6537
PEMAFC-A,0,period_0707,1.253333,16.5159,-10.2038,65.0822,85.1794,-20.0972
PEMAFC-A,0,period_0707,1.306667,6.4143,-6.7162,76.7003,85.1794,-8.4791
PEMAFC-A,0,period_0707,1.360000,4.0500,1.5377,78.0480,85.1794,-7.1314
PEMAFC-A,0,period_0707,1.400000,6.1186,9.1694,76.1574,85.1794,-9.0220
PEMAFC-A,0,period_0707,1.453333,3.6863,1.9995,77.2912,85.1794,-7.8882
PEMAFC-A,0,period_0707,1.506667,1.8534,0.4596,79.5292,85.1794,-5.6501
PEMAFC-A,0,period_0707,1.560000,-0.8014,3.3506,85.8606,85.1794,0.6812
PEMAFC-A,0,period_0707,1.600000,-1.1537,4.3638,89.2501,85.1794,4.0708
PEMAFC-A,0,period_0707,1.653333,1.4048,4.0098,89.1275,85.1794,3.9482
PEMAFC-A,0,period_0707,1.706667,-1.1848,4.3737,88.9418,85.1794,3.7624
PEMAFC-A,0,period_0707,1.760000,0.8466,5.1044,80.8567,85.1794,-4.3226
PEMAFC-A,0,period_0707,1.800000,1.2220,2.1023,91.2958,85.1794,6.1165
PEMAFC-A,0,period_0707,1.853333,-0.2230,6.9671,91.6700,85.1794,6.4906
PEMAFC-A,0,period_0707,1.906667,0.6236,6.6029,91.8180,85.1794,6.6386
PEMAFC-A,0,period_0707,1.960000,-0.4132,6.2297,90.2455,85.1794,5.0661
PEMAFC-A,0,period_0707,2.000000,-0.9885,7.5646,90.7183,85.1794,5.5389
PEMAFC-A,0,period_0707,2.053333,-0.3487,11.7287,85.9693,85.1794,0.7900
PEMAFC-A,0,period_0707,2.106667,0.4354,4.1974,80.9191,85.1794,-4.2602
PEMAFC-A,0,period_0707,2.160000,-1.3163,6.6327,84.6888,85.1794,-0.4905
PEMAFC-A,0,period_0707,2.200000,-1.0865,10.6949,93.3462,85.1794,8.1668
PEMAFC-A,0,period_0707,2.253333,1.4478,5.7120,77.7185,85.1794,-7.4608
PEMAFC-A,0,period_0707,2.306667,-1.8441,-4.6801,89.3029,85.1794,4.1235
PEMAFC-A,0,period_0707,2.360000,-2.2518,6.8340,87.9069,85.1794,2.7276
PEMAFC-A,0,period_0707,2.400000,-1.8456,11.1271,86.9688,85.1794,1.7894
PEMAFC-A,0,period_0707,2.453333,-2.9119,3.8400,89.6036,85.1794,4.4243
PEMAFC-A,0,period_0707,2.506667,0.0157,5.1413,89.5096,85.1794,4.3302
PEMAFC-A,0,period_0707,2.560000,-1.8057,8.2249,89.8996,85.1794,4.7202
PEMAFC-A,0,period_0707,2.600000,-1.8579,12.4389,89.0354,85.1794,3.8560
PEMAFC-A,0,period_0707,2.653333,-2.5036,12.0059,91.6562,85.1794,6.4768
PEMAFC-A,0,period_0707,2.706667,-1.8646,14.1781,86.8129,85.1794,1.6336
PEMAFC-A,0,period_0707,2.760000,-1.3949,4.5939,86.2429,85.1794,1.0636
PEMAFC-A,0,period_0707,2.800000,-1.3464,1.5636,87.9855,85.1794,2.8061
PEMAFC-A,0,period_0707,2.853333,-1.5512,5.8627,93.7187,85.1794,8.5393
PEMAFC-A,0,period_0707,2.906667,0.2077,8.1680,87.0772,85.1794,1.8978
PEMAFC-A,0,period_0707,2.960000,-1.9562,4.9930,87.6714,85.1794,2.4920
PEMAFC-A,0,period_0707,3.000000,-0.2913,8.8289,81.6249,85.1794,-3.5544
PEMAFC-A,1,period_0856,3.013333,-0.3706,-86.0643,76.6963,75.6790,1.0172
PEMAFC-A,1,period_0856,3.053333,-0.3706,-0.8548,76.6963,75.6790,1.0172
PEMAFC-A,1,period_0856,3.106667,-0.3727,0.2954,76.6984,75.6790,1.0193
PEMAFC-A,1,period_0856,3.160000,-0.6496,4.7402,77.1204,75.6790,1.4414
PEMAFC-A,1,period_0856,3.200000,-0.8505,3.9809,76.5970,75.6790,0.9180
PEMAFC-A,1,period_0856,3.253333,4.4886,4.6381,65.2035,75.6790,-10.4755
PEMAFC-A,1,period_0856,3.306667,2.9100,-4.4613,66.8266,75.6790,-8.8524
PEMAFC-A,1,period_0856,3.360000,0.4367,-1.2004,70.5455,75.6790,-5.1335
PEMAFC-A,1,period_0856,3.400000,-0.0596,2.7947,71.6552,75.6790,-4.0239
PEMAFC-A,1,period_0856,3.453333,3.2189,3.8288,66.3943,75.6790,-9.2847
PEMAFC-A,1,period_0856,3.506667,1.1815,3.9764,74.5792,75.6790,-1.0998
PEMAFC-A,1,period_0856,3.560000,-2.0527,-2.1068,79.7581,75.6790,4.0791
PEMAFC-A,1,period_0856,3.600000,-2.6243,8.5161,80.5890,75.6790,4.9100
PEMAFC-A,1,period_0856,3.653333,-2.8913,7.4914,81.4727,75.6790,5.7937
PEMAFC-A,1,period_0856,3.706667,-3.0649,6.0672,80.2135,75.6790,4.5345
PEMAFC-A,1,period_0856,3.760000,-3.1302,6.0676,81.2655,75.6790,5.5864
PEMAFC-A,1,period_0856,3.800000,-3.0595,6.1135,81.2038,75.6790,5.5247
PEMAFC-A,1,period_0856,3.853333,1.1819,7.5788,71.2815,75.6790,-4.3975
PEMAFC-A,1,period_0856,3.906667,-1.8090,1.7134,73.3871,75.6790,-2.2919
PEMAFC-A,1,period_0856,3.960000,-3.5444,5.6608,76.9020,75.6790,1.2230
PEMAFC-A,1,period_0856,4.000000,-3.6358,6.5301,76.9870,75.6790,1.3079
PEMAFC-A,1,period_0856,4.053333,-3.8423,7.8997,79.1860,75.6790,3.5070
PEMAFC-A,1,period_0856,4.106667,3.8711,7.3106,63.4622,75.6790,-12.2168
PEMAFC-A,1,period_0856,4.160000,3.3790,5.8318,63.8097,75.6790,-11.8693
PEMAFC-A,1,period_0856,4.200000,3.2525,5.4798,63.8715,75.6790,-11.8075
PEMAFC-A,1,period_0856,4.253333,2.4440,-2.2973,63.6200,75.6790,-12.0590
PEMAFC-A,1,period_0856,4.306667,-5.6707,-0.4680,76.3027,75.6790,0.6237
PEMAFC-A,1,period_0856,4.360000,-6.0176,8.1352,79.3246,75.6790,3.6456
PEMAFC-A,1,period_0856,4.400000,-2.3214,9.5812,72.3216,75.6790,-3.3574
PEMAFC-A,1,period_0856,4.453333,-2.2802,3.5355,71.6566,75.6790,-4.0224
PEMAFC-A,1,period_0856,4.506667,-4.1208,3.7536,75.0862,75.6790,-0.5928
PEMAFC-A,1,period_0856,4.560000,-7.2283,1.0938,81.8457,75.6790,6.1667
PEMAFC-A,1,period_0856,4.600000,-7.3968,3.3837,84.8252,75.6790,9.1462
PEMAFC-A,1,period_0856,4.653333,-2.8268,7.4007,70.4632,75.6790,-5.2158
PEMAFC-A,1,period_0856,4.706667,-7.1222,4.8451,81.1833,75.6790,5.5043
PEMAFC-A,1,period_0856,4.760000,-4.3455,5.3940,73.3481,75.6790,-2.3309
PEMAFC-A,1,period_0856,4.800000,-3.7884,6.5064,74.2008,75.6790,-1.4782
PEMAFC-A,1,period_0856,4.853333,-6.2544,3.6388,80.6139,75.6790,4.9349
PEMAFC-A,1,period_0856,4.906667,-5.4510,8.5358,78.9257,75.6790,3.2466
PEMAFC-A,1,period_0856,4.960000,-6.1614,3.8540,80.6918,75.6790,5.0127
PEMAFC-A,1,period_0856,5.000000,-6.4146,8.8714,79.8417,75.6790,4.1627
PEMAFC-A,1,period_0856,5.053333,-6.1247,13.3798,79.5887,75.6790,3.9097
PEMAFC-A,1,period_0856,5.106667,-5.6685,4.9532,79.3769,75.6790,3.6979
PEMAFC-A,1,period_0856,5.160000,-7.7046,8.3561,84.3346,75.6790,8.6555
PEMAFC-A,1,period_0856,5.200000,-6.5510,11.4442,79.3560,75.6790,3.6770
PEMAFC-A,1,period_0856,5.253333,-2.8014,9.0240,75.8389,75.6790,0.1599
PEMAFC-A,1,period_0856,5.306667,-6.2632,-3.6592,78.6865,75.6790,3.0074
PEMAFC-A,1,period_0856,5.360000,-7.5010,3.6223,82.1623,75.6790,6.4833
PEMAFC-A,1,period_0856,5.400000,-7.3962,8.8770,81.2219,75.6790,5.5429
PEMAFC-A,1,period_0856,5.453333,-8.0743,4.8886,81.8540,75.6790,6.1749
PEMAFC-A,1,period_0856,5.506667,-4.7350,5.2801,75.2967,75.6790,-0.3823
PEMAFC-A,1,period_0856,5.560000,-6.8031,5.5323,81.7965,75.6790,6.1175
PEMAFC-A,1,period_0856,5.600000,-6.9910,13.7240,80.8589,75.6790,5.1799
PEMAFC-A,1,period_0856,5.653333,-6.4826,9.9610,79.1332,75.6790,3.4542
PEMAFC-A,1,period_0856,5.706667,-6.9455,12.4989,80.5296,75.6790,4.8506
PEMAFC-A,1,period_0856,5.760000,-6.4881,7.0335,79.4010,75.6790,3.7220
PEMAFC-A,1,period_0856,5.800000,-4.8352,6.1236,79.3202,75.6790,3.6412
PEMAFC-A,1,period_0856,5.853333,-5.7803,5.0820,79.8927,75.6790,4.2136
PEMAFC-A,1,period_0856,5.906667,-4.7315,6.7436,77.2462,75.6790,1.5671
PEMAFC-A,1,period_0856,5.960000,-6.2135,5.5685,82.2004,75.6790,6.5213
PEMAFC-A,1,period_0856,6.000000,-6.0403,8.8034,80.7428,75.6790,5.0638
PEMAFC-A,2,period_0916,6.013333,-1.6321,-94.7086,77.7713,76.8005,0.9708
PEMAFC-A,2,period_0916,6.053333,-1.6321,-1.4368,77.7713,76.8005,0.9708
PEMAFC-A,2,period_0916,6.106667,-1.6337,0.3528,77.7718,76.8005,0.9713
PEMAFC-A,2,period_0916,6.160000,-2.2203,2.2456,77.7751,76.8005,0.9746
PEMAFC-A,2,period_0916,6.200000,-2.2912,5.2383,77.7279,76.8005,0.9274
PEMAFC-A,2,period_0916,6.253333,3.1536,3.5478,64.4652,76.8005,-12.3353
PEMAFC-A,2,period_0916,6.306667,2.4608,-3.5637,65.3289,76.8005,-11.4716
PEMAFC-A,2,period_0916,6.360000,-0.3384,-7.0657,69.6871,76.8005,-7.1134
PEMAFC-A,2,period_0916,6.400000,-0.6572,2.7242,71.5335,76.8005,-5.2670
PEMAFC-A,2,period_0916,6.453333,5.3744,7.3764,65.0695,76.8005,-11.7310
PEMAFC-A,2,period_0916,6.506667,1.9691,4.8623,68.0358,76.8005,-8.7647
PEMAFC-A,2,period_0916,6.560000,0.1271,-2.9818,76.8495,76.8005,0.0490
PEMAFC-A,2,period_0916,6.600000,-0.6291,0.7300,76.3574,76.8005,-0.4431
PEMAFC-A,2,period_0916,6.653333,-1.1720,2.1785,77.5604,76.8005,0.7599
PEMAFC-A,2,period_0916,6.706667,-1.9715,1.0394,77.7237,76.8005,0.9232
PEMAFC-A,2,period_0916,6.760000,-2.2193,4.9741,77.8271,76.8005,1.0266
PEMAFC-A,2,period_0916,6.800000,-1.9013,4.8853,77.7566,76.8005,0.9561
PEMAFC-A,2,period_0916,6.853333,2.8118,6.1795,66.1979,76.8005,-10.6026
PEMAFC-A,2,period_0916,6.906667,0.5913,0.5438,67.6942,76.8005,-9.1063
PEMAFC-A,2,period_0916,6.960000,-1.5661,1.4632,74.4401,76.8005,-2.3604
PEMAFC-A,2,period_0916,7.000000,-1.8810,1.6721,76.1320,76.8005,-0.6685
PEMAFC-A,2,period_0916,7.053333,-2.1927,4.3559,77.6798,76.8005,0.8793
PEMAFC-A,2,period_0916,7.106667,-1.3182,5.4664,78.0207,76.8005,1.2202
PEMAFC-A,2,period_0916,7.160000,-1.8466,7.6001,78.0961,76.8005,1.2956
PEMAFC-A,2,period_0916,7.200000,-2.2057,7.3260,78.3119,76.8005,1.5114
PEMAFC-A,2,period_0916,7.253333,-2.7602,2.2970,77.8163,76.8005,1.0158
PEMAFC-A,2,period_0916,7.306667,-3.8625,2.8766,78.4778,76.8005,1.6773
PEMAFC-A,2,period_0916,7.360000,-3.8502,6.4629,78.4487,76.8005,1.6482
PEMAFC-A,2,period_0916,7.400000,-1.8160,6.3193,75.6324,76.8005,-1.1681
PEMAFC-A,2,period_0916,7.453333,-2.5139,4.6792,72.1775,76.8005,-4.6229
PEMAFC-A,2,period_0916,7.506667,-3.7763,3.6452,75.9747,76.8005,-0.8258
PEMAFC-A,2,period_0916,7.560000,-4.4634,3.9175,78.5777,76.8005,1.7772
PEMAFC-A,2,period_0916,7.600000,-4.3240,2.0050,78.5533,76.8005,1.7528
PEMAFC-A,2,period_0916,7.653333,-1.0849,5.9520,73.1540,76.8005,-3.6465
PEMAFC-A,2,period_0916,7.706667,-4.1912,2.9723,78.4567,76.8005,1.6562
PEMAFC-A,2,period_0916,7.760000,-2.4186,3.9042,78.3790,76.8005,1.5785
PEMAFC-A,2,period_0916,7.800000,-2.8603,2.3893,78.2708,76.8005,1.4703
PEMAFC-A,2,period_0916,7.853333,-3.7232,3.0528,78.3760,76.8005,1.5755
PEMAFC-A,2,period_0916,7.906667,-3.3200,8.9443,78.2717,76.8005,1.4712
PEMAFC-A,2,period_0916,7.960000,-3.9116,2.2920,78.3019,76.8005,1.5014
PEMAFC-A,2,period_0916,8.000000,-4.1470,6.1438,78.3702,76.8005,1.5697
PEMAFC-A,2,period_0916,8.053333,-4.1125,9.5359,78.3615,76.8005,1.5610
PEMAFC-A,2,period_0916,8.106667,-3.1105,4.6654,73.4080,76.8005,-3.3925
PEMAFC-A,2,period_0916,8.160000,-4.4411,5.5309,78.5086,76.8005,1.7081
PEMAFC-A,2,period_0916,8.200000,-4.4196,8.2877,78.5331,76.8005,1.7326
PEMAFC-A,2,period_0916,8.253333,-1.7963,5.4494,78.7055,76.8005,1.9050
PEMAFC-A,2,period_0916,8.306667,-4.4356,-0.9622,78.7307,76.8005,1.9302
PEMAFC-A,2,period_0916,8.360000,-4.6330,7.7070,78.6604,76.8005,1.8599
PEMAFC-A,2,period_0916,8.400000,-4.5682,13.2709,78.6594,76.8005,1.8589
PEMAFC-A,2,period_0916,8.453333,-4.7360,5.5745,78.6711,76.8005,1.8706
PEMAFC-A,2,period_0916,8.506667,-2.2133,4.6478,78.4347,76.8005,1.6342
PEMAFC-A,2,period_0916,8.560000,-3.8862,2.6809,78.3892,76.8005,1.5887
PEMAFC-A,2,period_0916,8.600000,-4.1558,7.4384,78.4617,76.8005,1.6612
PEMAFC-A,2,period_0916,8.653333,-4.4219,10.4812,78.5441,76.8005,1.7436
PEMAFC-A,2,period_0916,8.706667,-4.4241,13.0846,78.5719,76.8005,1.7714
PEMAFC-A,2,period_0916,8.760000,-3.9041,4.5070,78.5569,76.8005,1.7564
PEMAFC-A,2,period_0916,8.800000,-2.5061,2.5527,78.5522,76.8005,1.7517
PEMAFC-A,2,period_0916,8.853333,-3.9715,2.8424,78.4870,76.8005,1.6865
PEMAFC-A,2,period_0916,8.906667,-2.9544,7.6945,78.4383,76.8005,1.6378
PEMAFC-A,2,period_0916,8.960000,-4.2570,2.0686,78.3982,76.8005,1.5977
PEMAFC-A,2,period_0916,9.000000,-4.0790,8.3768,78.3901,76.8005,1.5896
PEMAFC-A,3,period_0943,9.013333,-1.9645,-89.6329,70.2409,67.9790,2.2618
PEMAFC-A,3,period_0943,9.053333,-1.9645,-1.7896,70.2409,67.9790,2.2618
PEMAFC-A,3,period_0943,9.106667,-1.9657,0.5329,70.2415,67.9790,2.2625
PEMAFC-A,3,period_0943,9.160000,-2.1053,4.6749,70.2455,67.9790,2.2664
PEMAFC-A,3,period_0943,9.200000,-2.1145,5.1203,70.2305,67.9790,2.2515
PEMAFC-A,3,period_0943,9.253333,0.0525,2.5033,69.0615,67.9790,1.0825
PEMAFC-A,3,period_0943,9.306667,-0.3584,-2.5058,70.0849,67.9790,2.1058
PEMAFC-A,3,period_0943,9.360000,-1.7180,-6.7454,70.2457,67.9790,2.2666
PEMAFC-A,3,period_0943,9.400000,-1.8277,5.0008,70.2560,67.9790,2.2769
PEMAFC-A,3,period_0943,9.453333,-0.8050,7.4068,70.1441,67.9790,2.1650
PEMAFC-A,3,period_0943,9.506667,-1.2299,1.8678,65.2697,67.9790,-2.7093
PEMAFC-A,3,period_0943,9.560000,-2.0273,-1.0423,70.2172,67.9790,2.2381
PEMAFC-A,3,period_0943,9.600000,-2.2719,5.9858,70.2120,67.9790,2.2330
PEMAFC-A,3,period_0943,9.653333,-2.2565,8.7556,70.2073,67.9790,2.2282
PEMAFC-A,3,period_0943,9.706667,-2.2511,5.3039,70.2295,67.9790,2.2505
PEMAFC-A,3,period_0943,9.760000,-2.2427,6.8104,70.2185,67.9790,2.2395
PEMAFC-A,3,period_0943,9.800000,-2.2235,3.3686,70.2363,67.9790,2.2572
PEMAFC-A,3,period_0943,9.853333,-1.2423,4.6126,69.4172,67.9790,1.4382
PEMAFC-A,3,period_0943,9.906667,-2.4363,1.7287,70.8241,67.9790,2.8450
PEMAFC-A,3,period_0943,9.960000,-2.5645,3.7143,70.8339,67.9790,2.8548
PEMAFC-A,3,period_0943,10.000000,-2.5759,5.1095,70.8345,67.9790,2.8555
PEMAFC-A,3,period_0943,10.053333,-2.5704,6.5367,70.8252,67.9790,2.8462
PEMAFC-A,3,period_0943,10.106667,4.0461,5.0421,68.3484,67.9790,0.3694
PEMAFC-A,3,period_0943,10.160000,3.5648,6.4234,69.6081,67.9790,1.6290
PEMAFC-A,3,period_0943,10.200000,3.4301,8.6215,69.6740,67.9790,1.6950
PEMAFC-A,3,period_0943,10.253333,2.5051,-6.5533,65.5920,67.9790,-2.3870
PEMAFC-A,3,period_0943,10.306667,-3.7482,-7.5223,70.9984,67.9790,3.0193
PEMAFC-A,3,period_0943,10.360000,-4.1176,3.3574,70.9984,67.9790,3.0193
PEMAFC-A,3,period_0943,10.400000,-3.3985,8.8024,68.0539,67.9790,0.0749
PEMAFC-A,3,period_0943,10.453333,-4.1668,5.6155,71.0922,67.9790,3.1131
PEMAFC-A,3,period_0943,10.506667,-4.8034,7.6648,71.2596,67.9790,3.2805
PEMAFC-A,3,period_0943,10.560000,-5.1029,3.4483,71.2634,67.9790,3.2843
PEMAFC-A,3,period_0943,10.600000,-5.1173,1.7988,71.2495,67.9790,3.2705
PEMAFC-A,3,period_0943,10.653333,-4.0820,3.4207,71.3624,67.9790,3.3833
PEMAFC-A,3,period_0943,10.706667,-4.9980,2.6248,71.3596,67.9790,3.3806
PEMAFC-A,3,period_0943,10.760000,-4.3219,4.3514,71.3995,67.9790,3.4205
PEMAFC-A,3,period_0943,10.800000,-4.5950,2.7594,71.4196,67.9790,3.4405
PEMAFC-A,3,period_0943,10.853333,-4.9634,2.4767,71.3645,67.9790,3.3854
PEMAFC-A,3,period_0943,10.906667,-4.7970,4.7949,71.3519,67.9790,3.3728
PEMAFC-A,3,period_0943,10.960000,-4.9950,3.2432,71.3712,67.9790,3.3922
PEMAFC-A,3,period_0943,11.000000,-5.0007,7.6130,71.3707,67.9790,3.3917
PEMAFC-A,3,period_0943,11.053333,-4.9664,11.5695,71.3724,67.9790,3.3934
PEMAFC-A,3,period_0943,11.106667,-5.1622,7.8559,71.3927,67.9790,3.4137
PEMAFC-A,3,period_0943,11.160000,-5.4744,10.2942,71.4145,67.9790,3.4354
PEMAFC-A,3,period_0943,11.200000,-5.3143,8.0154,71.4283,67.9790,3.4492
PEMAFC-A,3,period_0943,11.253333,-4.2191,4.6755,71.5244,67.9790,3.5453
PEMAFC-A,3,period_0943,11.306667,-5.2848,-4.6611,71.3900,67.9790,3.4110
PEMAFC-A,3,period_0943,11.360000,-5.3957,5.0406,71.4107,67.9790,3.4317
PEMAFC-A,3,period_0943,11.400000,-5.3535,11.5950,71.4185,67.9790,3.4395
PEMAFC-A,3,period_0943,11.453333,-5.4008,6.5355,71.4022,67.9790,3.4231
PEMAFC-A,3,period_0943,11.506667,-4.8467,3.8126,71.4122,67.9790,3.4331
PEMAFC-A,3,period_0943,11.560000,-5.3353,1.7666,71.4416,67.9790,3.4625
PEMAFC-A,3,period_0943,11.600000,-5.2766,9.5896,71.4428,67.9790,3.4638
PEMAFC-A,3,period_0943,11.653333,-5.2147,10.7293,71.4329,67.9790,3.4539
PEMAFC-A,3,period_0943,11.706667,-5.2156,13.6410,71.4402,67.9790,3.4612
PEMAFC-A,3,period_0943,11.760000,-5.2069,6.5293,71.4189,67.9790,3.4398
PEMAFC-A,3,period_0943,11.800000,-4.9958,2.2313,71.5136,67.9790,3.5345
PEMAFC-A,3,period_0943,11.853333,-5.2851,3.2984,71.4642,67.9790,3.4851
PEMAFC-A,3,period_0943,11.906667,-4.8770,5.1814,71.4649,67.9790,3.4859
PEMAFC-A,3,period_0943,11.960000,-5.3166,2.8016,71.4805,67.9790,3.5015
PEMAFC-A,3,period_0943,12.000000,-5.1408,9.1918,71.4899,67.9790,3.5108
PEMAFC-PCA-F (K=12/12),0,period_0707,0.013333,2.6769,0.0000,85.0213,85.1794,-0.1581
PEMAFC-PCA-F (K=12/12),0,period_0707,0.053333,2.6769,-0.1155,85.0213,85.1794,-0.1581
PEMAFC-PCA-F (K=12/12),0,period_0707,0.106667,2.6767,-0.9791,85.0218,85.1794,-0.1576
PEMAFC-PCA-F (K=12/12),0,period_0707,0.160000,2.1537,4.7238,79.7211,85.1794,-5.4583
PEMAFC-PCA-F (K=12/12),0,period_0707,0.200000,2.1330,7.1651,83.0055,85.1794,-2.1738
PEMAFC-PCA-F (K=12/12),0,period_0707,0.253333,2.2477,1.8306,84.8912,85.1794,-0.2881
PEMAFC-PCA-F (K=12/12),0,period_0707,0.306667,1.1871,-0.7210,84.7399,85.1794,-0.4394
PEMAFC-PCA-F (K=12/12),0,period_0707,0.360000,0.2750,5.5579,84.7349,85.1794,-0.4444
PEMAFC-PCA-F (K=12/12),0,period_0707,0.400000,1.3153,5.8107,83.3826,85.1794,-1.7968
PEMAFC-PCA-F (K=12/12),0,period_0707,0.453333,10.4457,5.7887,65.8769,85.1794,-19.3024
PEMAFC-PCA-F (K=12/12),0,period_0707,0.506667,12.2950,2.4636,63.1672,85.1794,-22.0121
PEMAFC-PCA-F (K=12/12),0,period_0707,0.560000,12.0020,-7.9385,63.4260,85.1794,-21.7534
PEMAFC-PCA-F (K=12/12),0,period_0707,0.600000,0.9492,0.9931,82.3523,85.1794,-2.8271
PEMAFC-PCA-F (K=12/12),0,period_0707,0.653333,2.7694,7.3101,80.4325,85.1794,-4.7469
PEMAFC-PCA-F (K=12/12),0,period_0707,0.706667,2.4696,6.1301,83.3513,85.1794,-1.8281
PEMAFC-PCA-F (K=12/12),0,period_0707,0.760000,2.5670,4.9115,82.8628,85.1794,-2.3166
PEMAFC-PCA-F (K=12/12),0,period_0707,0.800000,3.1222,7.2142,81.2425,85.1794,-3.9369
PEMAFC-PCA-F (K=12/12),0,period_0707,0.853333,9.0907,5.7250,69.0284,85.1794,-16.1510
PEMAFC-PCA-F (K=12/12),0,period_0707,0.906667,2.9483,-0.3517,76.6238,85.1794,-8.5556
PEMAFC-PCA-F (K=12/12),0,period_0707,0.960000,3.4711,5.2176,76.1883,85.1794,-8.9910
PEMAFC-PCA-F (K=12/12),0,period_0707,1.000000,3.1306,5.8581,77.0993,85.1794,-8.0801
PEMAFC-PCA-F (K=12/12),0,period_0707,1.053333,1.8645,7.2899,80.3961,85.1794,-4.7833
PEMAFC-PCA-F (K=12/12),0,period_0707,1.106667,5.8171,5.0269,73.4632,85.1794,-11.7161
PEMAFC-PCA-F (K=12/12),0,period_0707,1.160000,1.5167,6.8061,74.6824,85.1794,-10.4970
PEMAFC-PCA-F (K=12/12),0,period_0707,1.200000,0.8608,6.2600,74.8019,85.1794,-10.3775
PEMAFC-PCA-F (K=12/12),0,period_0707,1.253333,-2.6974,-1.7689,79.0424,85.1794,-6.1370
PEMAFC-PCA-F (K=12/12),0,period_0707,1.306667,1.0109,9.0712,81.4922,85.1794,-3.6872
PEMAFC-PCA-F (K=12/12),0,period_0707,1.360000,0.6847,7.8808,82.4883,85.1794,-2.6911
PEMAFC-PCA-F (K=12/12),0,period_0707,1.400000,3.7185,8.8293,80.0401,85.1794,-5.1393
PEMAFC-PCA-F (K=12/12),0,period_0707,1.453333,-4.0192,2.2218,82.7831,85.1794,-2.3962
PEMAFC-PCA-F (K=12/12),0,period_0707,1.506667,-3.7694,6.1744,86.2576,85.1794,1.0783
PEMAFC-PCA-F (K=12/12),0,period_0707,1.560000,-0.2902,5.6346,85.4804,85.1794,0.3010
PEMAFC-PCA-F (K=12/12),0,period_0707,1.600000,1.6262,4.5670,85.3082,85.1794,0.1288
PEMAFC-PCA-F (K=12/12),0,period_0707,1.653333,3.6505,4.3549,83.7555,85.1794,-1.4239
PEMAFC-PCA-F (K=12/12),0,period_0707,1.706667,2.3377,7.2455,82.5989,85.1794,-2.5804
PEMAFC-PCA-F (K=12/12),0,period_0707,1.760000,1.4908,6.1467,79.6587,85.1794,-5.5207
PEMAFC-PCA-F (K=12/12),0,period_0707,1.800000,1.9920,3.9604,84.2488,85.1794,-0.9306
PEMAFC-PCA-F (K=12/12),0,period_0707,1.853333,2.6676,5.1854,85.2687,85.1794,0.0894
PEMAFC-PCA-F (K=12/12),0,period_0707,1.906667,2.4793,5.5421,85.3002,85.1794,0.1208
PEMAFC-PCA-F (K=12/12),0,period_0707,1.960000,1.4767,6.8744,85.7607,85.1794,0.5813
PEMAFC-PCA-F (K=12/12),0,period_0707,2.000000,2.3482,6.7603,83.3084,85.1794,-1.8710
PEMAFC-PCA-F (K=12/12),0,period_0707,2.053333,1.8790,8.8128,84.7973,85.1794,-0.3821
PEMAFC-PCA-F (K=12/12),0,period_0707,2.106667,-3.1259,3.5650,82.8424,85.1794,-2.3370
PEMAFC-PCA-F (K=12/12),0,period_0707,2.160000,-2.7497,8.2543,84.0790,85.1794,-1.1004
PEMAFC-PCA-F (K=12/12),0,period_0707,2.200000,-1.3017,12.5103,83.1060,85.1794,-2.0733
PEMAFC-PCA-F (K=12/12),0,period_0707,2.253333,0.9809,6.4803,81.1317,85.1794,-4.0476
PEMAFC-PCA-F (K=12/12),0,period_0707,2.306667,-4.4038,3.2567,91.9305,85.1794,6.7511
PEMAFC-PCA-F (K=12/12),0,period_0707,2.360000,1.6017,5.4410,84.3885,85.1794,-0.7908
PEMAFC-PCA-F (K=12/12),0,period_0707,2.400000,2.0358,3.6990,83.6785,85.1794,-1.5009
PEMAFC-PCA-F (K=12/12),0,period_0707,2.453333,0.4613,4.3127,84.3790,85.1794,-0.8004
PEMAFC-PCA-F (K=12/12),0,period_0707,2.506667,1.8539,5.4155,83.7471,85.1794,-1.4323
PEMAFC-PCA-F (K=12/12),0,period_0707,2.560000,1.5739,8.9054,84.8969,85.1794,-0.2824
PEMAFC-PCA-F (K=12/12),0,period_0707,2.600000,3.2816,12.3490,84.9231,85.1794,-0.2563
PEMAFC-PCA-F (K=12/12),0,period_0707,2.653333,3.7672,8.5589,81.4970,85.1794,-3.6824
PEMAFC-PCA-F (K=12/12),0,period_0707,2.706667,4.3152,9.5898,80.1934,85.1794,-4.9860
PEMAFC-PCA-F (K=12/12),0,period_0707,2.760000,3.4375,5.6833,83.2579,85.1794,-1.9215
PEMAFC-PCA-F (K=12/12),0,period_0707,2.800000,1.9336,2.3459,83.5835,85.1794,-1.5959
PEMAFC-PCA-F (K=12/12),0,period_0707,2.853333,1.4526,6.5647,85.8796,85.1794,0.7002
PEMAFC-PCA-F (K=12/12),0,period_0707,2.906667,4.3355,5.6599,81.8686,85.1794,-3.3107
PEMAFC-PCA-F (K=12/12),0,period_0707,2.960000,2.8438,7.4525,84.3422,85.1794,-0.8372
PEMAFC-PCA-F (K=12/12),0,period_0707,3.000000,4.2777,7.9929,78.1884,85.1794,-6.9910
PEMAFC-PCA-F (K=12/12),1,period_0856,3.013333,-0.6878,-87.9854,76.4998,75.6790,0.8208
PEMAFC-PCA-F (K=12/12),1,period_0856,3.053333,-0.6878,-1.0491,76.4998,75.6790,0.8208
PEMAFC-PCA-F (K=12/12),1,period_0856,3.106667,-0.6879,-2.4313,76.5000,75.6790,0.8209
PEMAFC-PCA-F (K=12/12),1,period_0856,3.160000,-3.4418,5.0309,79.0905,75.6790,3.4115
PEMAFC-PCA-F (K=12/12),1,period_0856,3.200000,-2.7204,5.9699,78.7646,75.6790,3.0856
PEMAFC-PCA-F (K=12/12),1,period_0856,3.253333,-1.5233,3.9555,73.4909,75.6790,-2.1881
PEMAFC-PCA-F (K=12/12),1,period_0856,3.306667,-2.9680,1.8928,73.6686,75.6790,-2.0104
PEMAFC-PCA-F (K=12/12),1,period_0856,3.360000,-4.9338,7.0747,81.8378,75.6790,6.1587
PEMAFC-PCA-F (K=12/12),1,period_0856,3.400000,-5.0894,11.0679,81.9549,75.6790,6.2759
PEMAFC-PCA-F (K=12/12),1,period_0856,3.453333,-0.1005,6.6497,69.9088,75.6790,-5.7702
PEMAFC-PCA-F (K=12/12),1,period_0856,3.506667,1.4753,2.0674,67.1885,75.6790,-8.4906
PEMAFC-PCA-F (K=12/12),1,period_0856,3.560000,1.2756,-5.9889,67.4692,75.6790,-8.2098
PEMAFC-PCA-F (K=12/12),1,period_0856,3.600000,-3.7942,6.3502,80.8909,75.6790,5.2119
PEMAFC-PCA-F (K=12/12),1,period_0856,3.653333,-3.5333,10.3435,79.2605,75.6790,3.5815
PEMAFC-PCA-F (K=12/12),1,period_0856,3.706667,-3.2056,7.5765,78.5915,75.6790,2.9124
PEMAFC-PCA-F (K=12/12),1,period_0856,3.760000,-5.3879,6.9130,81.5750,75.6790,5.8960
PEMAFC-PCA-F (K=12/12),1,period_0856,3.800000,-5.4443,6.6845,81.8425,75.6790,6.1635
PEMAFC-PCA-F (K=12/12),1,period_0856,3.853333,-2.4335,6.7015,74.0934,75.6790,-1.5856
PEMAFC-PCA-F (K=12/12),1,period_0856,3.906667,-6.0338,0.2341,82.5746,75.6790,6.8956
PEMAFC-PCA-F (K=12/12),1,period_0856,3.960000,-4.2459,9.9947,81.3779,75.6790,5.6989
PEMAFC-PCA-F (K=12/12),1,period_0856,4.000000,-3.0985,7.8910,77.7679,75.6790,2.0889
PEMAFC-PCA-F (K=12/12),1,period_0856,4.053333,-4.2337,9.7806,80.4083,75.6790,4.7292
PEMAFC-PCA-F (K=12/12),1,period_0856,4.106667,-2.5898,6.5617,78.4022,75.6790,2.7232
PEMAFC-PCA-F (K=12/12),1,period_0856,4.160000,-4.6404,10.0752,79.7148,75.6790,4.0358
PEMAFC-PCA-F (K=12/12),1,period_0856,4.200000,-4.4094,6.8011,78.6557,75.6790,2.9767
PEMAFC-PCA-F (K=12/12),1,period_0856,4.253333,-6.1226,9.0407,79.4855,75.6790,3.8064
PEMAFC-PCA-F (K=12/12),1,period_0856,4.306667,-4.3232,7.0553,77.7051,75.6790,2.0261
PEMAFC-PCA-F (K=12/12),1,period_0856,4.360000,-3.5654,6.5630,78.6202,75.6790,2.9412
PEMAFC-PCA-F (K=12/12),1,period_0856,4.400000,-2.6651,6.8407,74.5244,75.6790,-1.1546
PEMAFC-PCA-F (K=12/12),1,period_0856,4.453333,-6.1535,3.4983,76.1837,75.6790,0.5047
PEMAFC-PCA-F (K=12/12),1,period_0856,4.506667,-7.7238,6.9329,80.5213,75.6790,4.8422
PEMAFC-PCA-F (K=12/12),1,period_0856,4.560000,-7.5793,5.7536,85.1245,75.6790,9.4455
PEMAFC-PCA-F (K=12/12),1,period_0856,4.600000,-5.2592,5.7736,76.2485,75.6790,0.5695
PEMAFC-PCA-F (K=12/12),1,period_0856,4.653333,-3.6913,7.4454,71.2037,75.6790,-4.4753
PEMAFC-PCA-F (K=12/12),1,period_0856,4.706667,-6.9622,6.7600,81.8341,75.6790,6.1551
PEMAFC-PCA-F (K=12/12),1,period_0856,4.760000,-4.0376,5.1527,72.0782,75.6790,-3.6009
PEMAFC-PCA-F (K=12/12),1,period_0856,4.800000,-6.2233,7.7593,78.4597,75.6790,2.7807
PEMAFC-PCA-F (K=12/12),1,period_0856,4.853333,-4.3772,7.2870,77.2297,75.6790,1.5506
PEMAFC-PCA-F (K=12/12),1,period_0856,4.906667,-4.9298,7.3957,79.6960,75.6790,4.0170
PEMAFC-PCA-F (K=12/12),1,period_0856,4.960000,-4.5846,4.9470,76.4056,75.6790,0.7266
PEMAFC-PCA-F (K=12/12),1,period_0856,5.000000,-5.5611,7.4125,81.7249,75.6790,6.0459
PEMAFC-PCA-F (K=12/12),1,period_0856,5.053333,-3.6286,7.0406,82.4871,75.6790,6.8081
PEMAFC-PCA-F (K=12/12),1,period_0856,5.106667,-7.6285,3.3511,79.7786,75.6790,4.0995
PEMAFC-PCA-F (K=12/12),1,period_0856,5.160000,-6.3012,8.4209,83.1772,75.6790,7.4982
PEMAFC-PCA-F (K=12/12),1,period_0856,5.200000,-4.2827,7.7395,81.2675,75.6790,5.5885
PEMAFC-PCA-F (K=12/12),1,period_0856,5.253333,-1.0642,7.7151,70.0516,75.6790,-5.6274
PEMAFC-PCA-F (K=12/12),1,period_0856,5.306667,-7.0149,4.0577,83.9207,75.6790,8.2416
PEMAFC-PCA-F (K=12/12),1,period_0856,5.360000,-6.6065,5.7782,79.1494,75.6790,3.4704
PEMAFC-PCA-F (K=12/12),1,period_0856,5.400000,-5.7041,5.5633,78.5195,75.6790,2.8404
PEMAFC-PCA-F (K=12/12),1,period_0856,5.453333,-5.3057,5.8677,80.1876,75.6790,4.5086
PEMAFC-PCA-F (K=12/12),1,period_0856,5.506667,-4.0407,5.2451,73.7913,75.6790,-1.8877
PEMAFC-PCA-F (K=12/12),1,period_0856,5.560000,-5.1468,4.1550,82.2303,75.6790,6.5513
PEMAFC-PCA-F (K=12/12),1,period_0856,5.600000,-3.4611,6.9251,81.2355,75.6790,5.5564
PEMAFC-PCA-F (K=12/12),1,period_0856,5.653333,-3.8789,8.3309,79.4343,75.6790,3.7553
PEMAFC-PCA-F (K=12/12),1,period_0856,5.706667,-4.4732,8.0680,81.4759,75.6790,5.7969
PEMAFC-PCA-F (K=12/12),1,period_0856,5.760000,-4.7584,5.7616,76.8293,75.6790,1.1503
PEMAFC-PCA-F (K=12/12),1,period_0856,5.800000,-4.7020,7.3700,82.2591,75.6790,6.5801
PEMAFC-PCA-F (K=12/12),1,period_0856,5.853333,-5.0004,7.3038,80.8931,75.6790,5.2141
PEMAFC-PCA-F (K=12/12),1,period_0856,5.906667,-2.9649,6.6047,75.7841,75.6790,0.1050
PEMAFC-PCA-F (K=12/12),1,period_0856,5.960000,-3.4257,6.2022,80.1046,75.6790,4.4256
PEMAFC-PCA-F (K=12/12),1,period_0856,6.000000,-2.1275,7.1703,78.4356,75.6790,2.7566
PEMAFC-PCA-F (K=12/12),2,period_0916,6.013333,-7.6363,-91.6955,79.7810,76.8005,2.9805
PEMAFC-PCA-F (K=12/12),2,period_0916,6.053333,-7.6363,-0.1190,79.7810,76.8005,2.9805
PEMAFC-PCA-F (K=12/12),2,period_0916,6.106667,-7.6365,3.3454,79.7810,76.8005,2.9805
PEMAFC-PCA-F (K=12/12),2,period_0916,6.160000,-9.7472,2.8836,85.7276,76.8005,8.9271
PEMAFC-PCA-F (K=12/12),2,period_0916,6.200000,-9.1967,4.0460,87.2854,76.8005,10.4849
PEMAFC-PCA-F (K=12/12),2,period_0916,6.253333,-5.9196,2.7489,73.3754,76.8005,-3.4251
PEMAFC-PCA-F (K=12/12),2,period_0916,6.306667,-7.5034,3.2253,75.6793,76.8005,-1.1212
PEMAFC-PCA-F (K=12/12),2,period_0916,6.360000,-7.9128,4.8376,85.6998,76.8005,8.8993
PEMAFC-PCA-F (K=12/12),2,period_0916,6.400000,-6.7063,10.3381,83.5186,76.8005,6.7181
PEMAFC-PCA-F (K=12/12),2,period_0916,6.453333,0.0058,9.4387,75.7348,76.8005,-1.0657
PEMAFC-PCA-F (K=12/12),2,period_0916,6.506667,1.3526,2.5374,70.8028,76.8005,-5.9977
PEMAFC-PCA-F (K=12/12),2,period_0916,6.560000,1.0154,-9.4770,71.0494,76.8005,-5.7511
PEMAFC-PCA-F (K=12/12),2,period_0916,6.600000,-7.0399,3.3013,79.7942,76.8005,2.9937
PEMAFC-PCA-F (K=12/12),2,period_0916,6.653333,-7.2651,8.4792,80.3008,76.8005,3.5003
PEMAFC-PCA-F (K=12/12),2,period_0916,6.706667,-6.1666,8.1891,79.5616,76.8005,2.7611
PEMAFC-PCA-F (K=12/12),2,period_0916,6.760000,-4.8960,5.1581,80.1931,76.8005,3.3926
PEMAFC-PCA-F (K=12/12),2,period_0916,6.800000,-3.3050,6.1198,79.2496,76.8005,2.4491
PEMAFC-PCA-F (K=12/12),2,period_0916,6.853333,1.9616,5.7377,66.8905,76.8005,-9.9100
PEMAFC-PCA-F (K=12/12),2,period_0916,6.906667,-1.4517,-0.3199,71.1136,76.8005,-5.6869
PEMAFC-PCA-F (K=12/12),2,period_0916,6.960000,-3.9289,9.0150,77.2690,76.8005,0.4685
PEMAFC-PCA-F (K=12/12),2,period_0916,7.000000,-3.8153,5.5940,78.0155,76.8005,1.2150
PEMAFC-PCA-F (K=12/12),2,period_0916,7.053333,-4.3353,6.6867,79.5202,76.8005,2.7197
PEMAFC-PCA-F (K=12/12),2,period_0916,7.106667,-3.7360,4.9079,74.6321,76.8005,-2.1684
PEMAFC-PCA-F (K=12/12),2,period_0916,7.160000,-10.3281,12.8767,80.4160,76.8005,3.6155
PEMAFC-PCA-F (K=12/12),2,period_0916,7.200000,-10.9215,12.9490,81.0360,76.8005,4.2355
PEMAFC-PCA-F (K=12/12),2,period_0916,7.253333,-12.4107,11.4431,81.6890,76.8005,4.8885
PEMAFC-PCA-F (K=12/12),2,period_0916,7.306667,-9.6227,5.5127,80.0439,76.8005,3.2434
PEMAFC-PCA-F (K=12/12),2,period_0916,7.360000,-6.5585,6.6585,79.3851,76.8005,2.5846
PEMAFC-PCA-F (K=12/12),2,period_0916,7.400000,-3.2960,5.3818,78.1577,76.8005,1.3572
PEMAFC-PCA-F (K=12/12),2,period_0916,7.453333,-9.0796,4.8060,84.8120,76.8005,8.0115
PEMAFC-PCA-F (K=12/12),2,period_0916,7.506667,-11.9397,9.5702,87.8132,76.8005,11.0127
PEMAFC-PCA-F (K=12/12),2,period_0916,7.560000,-6.5863,4.1464,80.7275,76.8005,3.9270
PEMAFC-PCA-F (K=12/12),2,period_0916,7.600000,-5.3817,3.9206,82.4786,76.8005,5.6781
PEMAFC-PCA-F (K=12/12),2,period_0916,7.653333,-1.9109,4.7749,73.8114,76.8005,-2.9891
PEMAFC-PCA-F (K=12/12),2,period_0916,7.706667,-3.3536,6.9966,81.0073,76.8005,4.2068
PEMAFC-PCA-F (K=12/12),2,period_0916,7.760000,-1.3311,4.3577,78.8078,76.8005,2.0073
PEMAFC-PCA-F (K=12/12),2,period_0916,7.800000,-2.3900,3.8194,78.9673,76.8005,2.1668
PEMAFC-PCA-F (K=12/12),2,period_0916,7.853333,-4.7683,4.9017,82.0037,76.8005,5.2033
PEMAFC-PCA-F (K=12/12),2,period_0916,7.906667,-1.7125,6.4841,77.9487,76.8005,1.1482
PEMAFC-PCA-F (K=12/12),2,period_0916,7.960000,-4.8499,4.0169,79.7361,76.8005,2.9356
PEMAFC-PCA-F (K=12/12),2,period_0916,8.000000,-4.1674,6.3527,80.3129,76.8005,3.5124
PEMAFC-PCA-F (K=12/12),2,period_0916,8.053333,-2.5064,8.3853,78.1949,76.8005,1.3944
PEMAFC-PCA-F (K=12/12),2,period_0916,8.106667,-6.9497,4.4157,73.8635,76.8005,-2.9370
PEMAFC-PCA-F (K=12/12),2,period_0916,8.160000,-10.3132,6.5511,83.6616,76.8005,6.8611
PEMAFC-PCA-F (K=12/12),2,period_0916,8.200000,-5.7777,4.0804,82.3065,76.8005,5.5060
PEMAFC-PCA-F (K=12/12),2,period_0916,8.253333,-1.4698,5.0174,78.5793,76.8005,1.7788
PEMAFC-PCA-F (K=12/12),2,period_0916,8.306667,-8.5591,3.7589,85.4229,76.8005,8.6224
PEMAFC-PCA-F (K=12/12),2,period_0916,8.360000,-5.0608,5.3451,80.8548,76.8005,4.0543
PEMAFC-PCA-F (K=12/12),2,period_0916,8.400000,-4.2094,5.6722,79.4927,76.8005,2.6922
PEMAFC-PCA-F (K=12/12),2,period_0916,8.453333,-4.6069,5.6962,79.9326,76.8005,3.1321
PEMAFC-PCA-F (K=12/12),2,period_0916,8.506667,-1.6056,4.4891,77.9991,76.8005,1.1986
PEMAFC-PCA-F (K=12/12),2,period_0916,8.560000,-1.1557,4.4408,77.3678,76.8005,0.5673
PEMAFC-PCA-F (K=12/12),2,period_0916,8.600000,-1.9933,9.2934,77.0766,76.8005,0.2761
PEMAFC-PCA-F (K=12/12),2,period_0916,8.653333,-0.9431,9.9201,76.1928,76.8005,-0.6076
PEMAFC-PCA-F (K=12/12),2,period_0916,8.706667,0.0870,10.9167,75.5648,76.8005,-1.2357
PEMAFC-PCA-F (K=12/12),2,period_0916,8.760000,-0.9669,7.0674,77.3090,76.8005,0.5085
PEMAFC-PCA-F (K=12/12),2,period_0916,8.800000,-3.1330,2.8773,79.2484,76.8005,2.4480
PEMAFC-PCA-F (K=12/12),2,period_0916,8.853333,-4.1683,4.6830,80.4303,76.8005,3.6298
PEMAFC-PCA-F (K=12/12),2,period_0916,8.906667,-0.7532,5.8223,76.8233,76.8005,0.0228
PEMAFC-PCA-F (K=12/12),2,period_0916,8.960000,-3.4985,4.2206,79.4140,76.8005,2.6135
PEMAFC-PCA-F (K=12/12),2,period_0916,9.000000,-4.0212,6.8208,78.4882,76.8005,1.6877
PEMAFC-PCA-F (K=12/12),3,period_0943,9.013333,-2.3143,-88.4839,70.8903,67.9790,2.9112
PEMAFC-PCA-F (K=12/12),3,period_0943,9.053333,-2.3143,-0.2912,70.8903,67.9790,2.9112
PEMAFC-PCA-F (K=12/12),3,period_0943,9.106667,-2.3146,0.9674,70.8905,67.9790,2.9115
PEMAFC-PCA-F (K=12/12),3,period_0943,9.160000,-3.3892,3.8472,71.7998,67.9790,3.8208
PEMAFC-PCA-F (K=12/12),3,period_0943,9.200000,-4.1704,4.4811,72.3184,67.9790,4.3393
PEMAFC-PCA-F (K=12/12),3,period_0943,9.253333,-3.8933,1.6370,72.5813,67.9790,4.6022
PEMAFC-PCA-F (K=12/12),3,period_0943,9.306667,-4.3454,5.8617,72.3520,67.9790,4.3729
PEMAFC-PCA-F (K=12/12),3,period_0943,9.360000,-4.5312,7.4954,72.5038,67.9790,4.5247
PEMAFC-PCA-F (K=12/12),3,period_0943,9.400000,-4.4614,11.3109,72.4565,67.9790,4.4775
PEMAFC-PCA-F (K=12/12),3,period_0943,9.453333,-4.3583,5.8554,70.9517,67.9790,2.9727
PEMAFC-PCA-F (K=12/12),3,period_0943,9.506667,-4.0495,0.8672,69.9062,67.9790,1.9271
PEMAFC-PCA-F (K=12/12),3,period_0943,9.560000,-4.1264,-3.0940,70.1513,67.9790,2.1722
PEMAFC-PCA-F (K=12/12),3,period_0943,9.600000,-5.2046,5.8752,72.8040,67.9790,4.8250
PEMAFC-PCA-F (K=12/12),3,period_0943,9.653333,-5.1128,9.0765,73.8751,67.9790,5.8961
PEMAFC-PCA-F (K=12/12),3,period_0943,9.706667,-5.1359,5.7790,73.0622,67.9790,5.0832
PEMAFC-PCA-F (K=12/12),3,period_0943,9.760000,-5.3126,6.8983,72.9482,67.9790,4.9692
PEMAFC-PCA-F (K=12/12),3,period_0943,9.800000,-4.5853,3.3966,72.6878,67.9790,4.7088
PEMAFC-PCA-F (K=12/12),3,period_0943,9.853333,-3.8316,5.3193,73.3700,67.9790,5.3910
PEMAFC-PCA-F (K=12/12),3,period_0943,9.906667,-6.9805,-0.1487,75.5254,67.9790,7.5463
PEMAFC-PCA-F (K=12/12),3,period_0943,9.960000,-7.2235,4.1298,74.9595,67.9790,6.9805
PEMAFC-PCA-F (K=12/12),3,period_0943,10.000000,-6.3103,6.2207,73.6609,67.9790,5.6818
PEMAFC-PCA-F (K=12/12),3,period_0943,10.053333,-5.8710,6.5496,73.9367,67.9790,5.9576
PEMAFC-PCA-F (K=12/12),3,period_0943,10.106667,-5.6504,4.3970,75.0083,67.9790,7.0292
PEMAFC-PCA-F (K=12/12),3,period_0943,10.160000,-6.4222,14.8290,70.9974,67.9790,3.0184
PEMAFC-PCA-F (K=12/12),3,period_0943,10.200000,-6.1700,13.3870,71.1592,67.9790,3.1802
PEMAFC-PCA-F (K=12/12),3,period_0943,10.253333,-5.9783,6.1081,72.1443,67.9790,4.1652
PEMAFC-PCA-F (K=12/12),3,period_0943,10.306667,-7.8826,3.7351,74.3512,67.9790,6.3721
PEMAFC-PCA-F (K=12/12),3,period_0943,10.360000,-5.9900,5.0139,72.1837,67.9790,4.2047
PEMAFC-PCA-F (K=12/12),3,period_0943,10.400000,-5.1559,8.8400,71.5834,67.9790,3.6044
PEMAFC-PCA-F (K=12/12),3,period_0943,10.453333,-8.9401,5.9319,80.9904,67.9790,13.0113
PEMAFC-PCA-F (K=12/12),3,period_0943,10.506667,-9.1077,8.9598,79.5415,67.9790,11.5625
PEMAFC-PCA-F (K=12/12),3,period_0943,10.560000,-8.3633,3.1970,78.2430,67.9790,10.2639
PEMAFC-PCA-F (K=12/12),3,period_0943,10.600000,-7.5959,3.4372,76.7180,67.9790,8.7390
PEMAFC-PCA-F (K=12/12),3,period_0943,10.653333,-7.1576,3.3894,75.6287,67.9790,7.6497
PEMAFC-PCA-F (K=12/12),3,period_0943,10.706667,-7.5677,5.8325,75.4441,67.9790,7.4650
PEMAFC-PCA-F (K=12/12),3,period_0943,10.760000,-5.7226,3.5207,75.4328,67.9790,7.4538
PEMAFC-PCA-F (K=12/12),3,period_0943,10.800000,-5.7930,4.2487,75.0968,67.9790,7.1178
PEMAFC-PCA-F (K=12/12),3,period_0943,10.853333,-6.6377,4.9330,75.5592,67.9790,7.5802
PEMAFC-PCA-F (K=12/12),3,period_0943,10.906667,-6.5680,5.0703,75.2329,67.9790,7.2538
PEMAFC-PCA-F (K=12/12),3,period_0943,10.960000,-6.6370,4.5487,75.4581,67.9790,7.4791
PEMAFC-PCA-F (K=12/12),3,period_0943,11.000000,-6.8489,6.5064,74.0947,67.9790,6.1156
PEMAFC-PCA-F (K=12/12),3,period_0943,11.053333,-5.6663,7.6416,72.0206,67.9790,4.0415
PEMAFC-PCA-F (K=12/12),3,period_0943,11.106667,-7.9969,7.8545,79.1481,67.9790,11.1690
PEMAFC-PCA-F (K=12/12),3,period_0943,11.160000,-8.9279,8.1778,79.8051,67.9790,11.8261
PEMAFC-PCA-F (K=12/12),3,period_0943,11.200000,-7.1968,5.0644,74.3433,67.9790,6.3642
PEMAFC-PCA-F (K=12/12),3,period_0943,11.253333,-6.4995,4.8039,74.5883,67.9790,6.6093
PEMAFC-PCA-F (K=12/12),3,period_0943,11.306667,-9.5114,2.9308,76.4744,67.9790,8.4954
PEMAFC-PCA-F (K=12/12),3,period_0943,11.360000,-7.5163,4.2514,73.4278,67.9790,5.4487
PEMAFC-PCA-F (K=12/12),3,period_0943,11.400000,-6.0038,7.4002,72.4258,67.9790,4.4468
PEMAFC-PCA-F (K=12/12),3,period_0943,11.453333,-4.8032,6.0105,72.0262,67.9790,4.0472
PEMAFC-PCA-F (K=12/12),3,period_0943,11.506667,-4.4621,3.7125,72.7052,67.9790,4.7262
PEMAFC-PCA-F (K=12/12),3,period_0943,11.560000,-4.4385,3.4994,72.4165,67.9790,4.4375
PEMAFC-PCA-F (K=12/12),3,period_0943,11.600000,-4.0332,8.5465,72.9000,67.9790,4.9209
PEMAFC-PCA-F (K=12/12),3,period_0943,11.653333,-3.3592,8.1169,70.5711,67.9790,2.5921
PEMAFC-PCA-F (K=12/12),3,period_0943,11.706667,-3.1399,9.4895,69.5057,67.9790,1.5266
PEMAFC-PCA-F (K=12/12),3,period_0943,11.760000,-3.4210,5.9090,72.0257,67.9790,4.0467
PEMAFC-PCA-F (K=12/12),3,period_0943,11.800000,-4.0934,2.9501,72.5861,67.9790,4.6070
PEMAFC-PCA-F (K=12/12),3,period_0943,11.853333,-4.6759,5.5530,73.6191,67.9790,5.6400
PEMAFC-PCA-F (K=12/12),3,period_0943,11.906667,-5.2753,3.9739,73.2906,67.9790,5.3116
PEMAFC-PCA-F (K=12/12),3,period_0943,11.960000,-5.2848,6.4698,72.7689,67.9790,4.7898
PEMAFC-PCA-F (K=12/12),3,period_0943,12.000000,-4.7076,8.5491,70.3975,67.9790,2.4184
